               epoch,      train/box_loss,      train/obj_loss,      train/cls_loss,   metrics/precision,      metrics/recall,     metrics/mAP_0.5,metrics/mAP_0.5:0.95,        val/box_loss,        val/obj_loss,        val/cls_loss,               x/lr0,               x/lr1,               x/lr2
                   0,             0.11714,             0.82458,            0.013907,                   0,                   0,                   0,                   0,             0.10288,             0.06448,            0.010045,             0.00183,             0.00183,             0.08353
                   1,             0.10954,             0.10944,           0.0058989,             0.14866,           0.0063684,            0.075762,            0.040551,               0.103,            0.063366,           0.0052049,           0.0036699,           0.0036699,             0.06697
                   2,             0.10782,             0.10727,           0.0026277,             0.20141,            0.021077,             0.10353,            0.055724,             0.10452,            0.062483,           0.0043017,           0.0055095,           0.0055095,            0.050409
                   3,             0.10508,            0.091192,           0.0010617,             0.28767,           0.0053001,             0.14457,            0.079558,             0.10282,            0.072467,           0.0029435,           0.0073484,           0.0073484,            0.033848
                   4,             0.10005,            0.091038,          0.00061523,             0.24526,            0.035047,             0.13309,            0.071586,              0.1029,            0.067929,           0.0043009,           0.0091864,           0.0091864,            0.017286
                   5,            0.098131,            0.096484,          0.00045816,             0.32709,             0.04162,              0.1745,            0.094659,             0.10456,            0.065097,            0.004686,           0.0099938,           0.0099938,           0.0099938
                   6,             0.09326,            0.090793,          0.00034566,             0.42209,           0.0050947,             0.21272,             0.12266,             0.10297,            0.066028,           0.0039787,           0.0099938,           0.0099938,           0.0099938
                   7,            0.091812,            0.095562,          0.00025417,             0.60794,            0.015736,             0.31115,             0.17932,             0.10514,            0.062881,           0.0040353,           0.0099911,           0.0099911,           0.0099911
                   8,            0.088414,            0.086392,          0.00017915,             0.60862,            0.040634,              0.3206,              0.1887,             0.10958,            0.058568,            0.003975,           0.0099879,           0.0099879,           0.0099879
                   9,            0.087407,            0.084491,          0.00016255,             0.54883,            0.082666,              0.3058,             0.17673,             0.10807,            0.063109,           0.0039434,           0.0099842,           0.0099842,           0.0099842
                  10,            0.086131,            0.084004,          0.00012688,             0.35471,             0.14269,             0.22544,             0.12436,             0.11052,            0.064787,           0.0038371,             0.00998,             0.00998,             0.00998
                  11,            0.085074,             0.08934,          0.00012761,             0.39214,             0.23682,             0.29043,              0.1641,             0.10949,             0.06903,           0.0038854,           0.0099753,           0.0099753,           0.0099753
                  12,            0.084211,            0.089983,          0.00010312,             0.52221,             0.12946,             0.31021,              0.1765,             0.10977,            0.062246,           0.0038247,           0.0099702,           0.0099702,           0.0099702
                  13,            0.083723,             0.08909,          9.9992e-05,             0.61286,             0.09984,             0.34757,             0.20442,             0.10968,            0.062979,           0.0038664,           0.0099645,           0.0099645,           0.0099645
                  14,            0.082217,            0.089054,          9.8539e-05,             0.60275,             0.15112,             0.36546,              0.2161,             0.11045,            0.062905,           0.0035933,           0.0099584,           0.0099584,           0.0099584
                  15,            0.081264,            0.097485,          8.8595e-05,             0.64144,             0.11841,              0.3718,             0.22274,             0.11058,            0.061566,           0.0036617,           0.0099517,           0.0099517,           0.0099517
                  16,             0.07962,            0.084345,          7.8688e-05,             0.38621,              0.2791,             0.30753,             0.17245,             0.11137,            0.068658,           0.0033122,           0.0099446,           0.0099446,           0.0099446
                  17,            0.080337,            0.089176,          7.5656e-05,             0.54863,             0.16246,             0.34308,             0.19794,             0.10776,            0.069095,            0.003595,            0.009937,            0.009937,            0.009937
                  18,            0.079713,            0.090511,          8.9246e-05,             0.48576,             0.23904,             0.34321,             0.19862,             0.11065,            0.066818,           0.0034185,           0.0099289,           0.0099289,           0.0099289
                  19,            0.080416,            0.080613,          7.9993e-05,             0.41064,             0.30096,             0.33533,              0.1902,              0.1115,            0.071106,           0.0032321,           0.0099203,           0.0099203,           0.0099203
                  20,             0.07934,            0.085462,          7.0202e-05,             0.47586,             0.28308,             0.36234,             0.21182,             0.11001,            0.071126,           0.0032901,           0.0099112,           0.0099112,           0.0099112
                  21,            0.079238,            0.083785,          7.2411e-05,             0.48275,              0.2593,             0.35626,             0.20797,             0.10933,             0.07017,           0.0034029,           0.0099017,           0.0099017,           0.0099017
                  22,            0.079649,              0.0863,          7.2377e-05,             0.47552,             0.25063,             0.34698,             0.20131,             0.11111,            0.067691,            0.003283,           0.0098916,           0.0098916,           0.0098916
                  23,            0.078245,            0.085488,          6.8562e-05,             0.41288,             0.27318,             0.32251,             0.18308,             0.11156,            0.069291,           0.0031242,           0.0098811,           0.0098811,           0.0098811
                  24,            0.078364,            0.088076,          6.8333e-05,             0.45686,             0.31176,              0.3678,             0.21197,             0.11008,            0.073334,           0.0034192,           0.0098701,           0.0098701,           0.0098701
                  25,            0.079026,            0.087634,           6.559e-05,             0.46463,             0.27889,             0.34786,             0.20342,             0.11007,            0.074063,            0.003276,           0.0098586,           0.0098586,           0.0098586
                  26,            0.079903,            0.086689,          6.2668e-05,             0.53002,             0.27092,             0.38436,              0.2267,             0.11014,            0.070362,           0.0031094,           0.0098467,           0.0098467,           0.0098467
                  27,            0.078621,            0.088602,          6.5982e-05,             0.55017,             0.26694,             0.39976,             0.23864,             0.11003,            0.070961,           0.0032767,           0.0098342,           0.0098342,           0.0098342
                  28,            0.078774,            0.087468,          5.9797e-05,             0.43711,              0.2929,             0.33764,             0.19253,             0.11198,            0.071037,           0.0031172,           0.0098213,           0.0098213,           0.0098213
                  29,            0.077839,             0.08264,          5.9955e-05,              0.6233,              0.1862,             0.39534,             0.24072,             0.10954,             0.06969,           0.0033618,           0.0098079,           0.0098079,           0.0098079
                  30,            0.078739,            0.081771,          5.4303e-05,              0.5136,             0.27006,             0.37388,             0.21646,             0.11127,            0.070593,           0.0031357,           0.0097941,           0.0097941,           0.0097941
                  31,            0.077111,            0.081415,          5.4194e-05,             0.51143,             0.28046,             0.38196,             0.22645,             0.10997,            0.073911,           0.0032017,           0.0097798,           0.0097798,           0.0097798
                  32,             0.07667,            0.090551,          5.5672e-05,               0.651,             0.21513,             0.42562,              0.2594,             0.11019,            0.070219,           0.0030523,            0.009765,            0.009765,            0.009765
                  33,            0.076176,             0.08476,          5.5667e-05,             0.53603,             0.28304,             0.39246,             0.23091,             0.11128,            0.070307,           0.0029428,           0.0097497,           0.0097497,           0.0097497
                  34,            0.076294,            0.079964,          5.5437e-05,              0.5336,             0.29853,              0.3993,              0.2364,             0.11007,            0.073458,           0.0029595,            0.009734,            0.009734,            0.009734
                  35,            0.076491,            0.085063,          4.2289e-05,             0.68602,             0.15001,             0.41363,             0.25933,             0.10792,            0.071351,           0.0026916,           0.0097178,           0.0097178,           0.0097178
                  36,             0.07467,            0.085586,          5.0778e-05,             0.74217,             0.11981,             0.42669,             0.27407,             0.10982,            0.068487,           0.0029153,           0.0097011,           0.0097011,           0.0097011
                  37,            0.075286,            0.084694,          4.5807e-05,             0.60689,             0.26546,             0.42329,              0.2568,             0.10993,            0.071814,           0.0028732,            0.009684,            0.009684,            0.009684
                  38,            0.075269,            0.085158,          4.6261e-05,             0.53722,             0.28999,             0.40512,             0.23962,             0.11043,            0.076071,           0.0028921,           0.0096664,           0.0096664,           0.0096664
                  39,            0.074051,            0.083963,          4.8342e-05,             0.56144,             0.30807,             0.42269,              0.2495,             0.10912,            0.077099,           0.0029553,           0.0096484,           0.0096484,           0.0096484
                  40,             0.07438,            0.084814,          4.0929e-05,             0.52084,             0.33995,             0.41629,             0.24567,              0.1112,            0.075029,            0.002627,           0.0096299,           0.0096299,           0.0096299
                  41,            0.074279,            0.080522,          4.2851e-05,             0.50785,             0.32942,             0.41475,             0.24632,             0.10977,            0.079626,           0.0027096,            0.009611,            0.009611,            0.009611
                  42,            0.074945,            0.072532,          4.4889e-05,             0.56587,             0.29278,              0.4176,             0.25025,             0.11206,            0.070576,             0.00253,           0.0095916,           0.0095916,           0.0095916
                  43,            0.075147,            0.079368,          3.7865e-05,             0.55355,               0.292,             0.41433,             0.24624,             0.10875,            0.077654,           0.0025312,           0.0095717,           0.0095717,           0.0095717
                  44,            0.075802,            0.083041,          4.1734e-05,             0.54721,             0.33835,             0.43572,             0.25839,             0.11095,            0.076342,           0.0025401,           0.0095514,           0.0095514,           0.0095514
                  45,            0.074885,            0.082328,          3.6714e-05,             0.52927,             0.33362,             0.41447,              0.2428,             0.11041,            0.076094,           0.0026671,           0.0095307,           0.0095307,           0.0095307
                  46,            0.073832,             0.08525,          3.6518e-05,             0.56618,              0.3139,             0.42801,              0.2546,             0.10912,            0.076269,           0.0024249,           0.0095095,           0.0095095,           0.0095095
                  47,            0.074599,             0.07899,          3.7843e-05,             0.51446,             0.37282,             0.43609,             0.25544,             0.11121,            0.079384,           0.0025079,           0.0094879,           0.0094879,           0.0094879
                  48,            0.073812,            0.079964,          3.5269e-05,             0.56531,             0.32183,             0.43504,             0.26042,             0.11116,            0.074486,           0.0026361,           0.0094659,           0.0094659,           0.0094659
                  49,            0.073781,            0.088388,           3.885e-05,             0.54522,             0.20383,             0.36328,             0.21701,             0.11171,            0.072452,           0.0027381,           0.0094434,           0.0094434,           0.0094434
                  50,            0.074336,             0.07765,          3.9218e-05,             0.55984,             0.35651,             0.45128,             0.26951,             0.11045,            0.076909,           0.0024668,           0.0094205,           0.0094205,           0.0094205
                  51,            0.074255,            0.083599,          3.3548e-05,              0.5866,             0.33826,             0.45593,             0.27337,                0.11,            0.077027,           0.0024039,           0.0093971,           0.0093971,           0.0093971
                  52,            0.073885,            0.083545,          3.2004e-05,             0.59854,             0.34603,             0.46449,             0.28131,             0.10932,            0.078286,           0.0024479,           0.0093733,           0.0093733,           0.0093733
                  53,             0.07198,            0.078181,          3.5001e-05,               0.619,             0.32561,             0.46693,             0.28238,             0.10967,            0.076919,           0.0025504,           0.0093491,           0.0093491,           0.0093491
                  54,            0.072546,            0.077855,           3.272e-05,             0.54793,             0.34381,               0.434,             0.25924,             0.10907,            0.077759,           0.0021847,           0.0093245,           0.0093245,           0.0093245
                  55,            0.073205,            0.086065,          3.3488e-05,             0.46697,             0.30917,             0.38072,             0.22298,             0.11044,            0.082069,           0.0026989,           0.0092995,           0.0092995,           0.0092995
                  56,            0.072384,            0.081572,          3.3618e-05,             0.57472,             0.34492,             0.45174,             0.27021,             0.11053,            0.076076,           0.0025428,            0.009274,            0.009274,            0.009274
                  57,            0.071878,             0.07726,          3.1835e-05,             0.54244,             0.38498,             0.45146,             0.26651,             0.10994,            0.081616,           0.0022762,           0.0092481,           0.0092481,           0.0092481
                  58,            0.072804,            0.077328,          3.0371e-05,             0.62772,             0.26949,             0.43906,             0.26612,             0.11237,            0.070675,            0.002395,           0.0092219,           0.0092219,           0.0092219
                  59,            0.073125,            0.082016,          3.0834e-05,             0.58356,             0.34718,              0.4554,              0.2726,             0.11058,             0.07698,           0.0022319,           0.0091952,           0.0091952,           0.0091952
                  60,            0.072934,            0.082954,          3.0227e-05,             0.52374,             0.37828,             0.44685,             0.26295,             0.11069,            0.079944,           0.0022797,           0.0091681,           0.0091681,           0.0091681
                  61,            0.073279,            0.075108,          3.1308e-05,             0.57703,             0.37717,             0.47202,             0.28395,             0.10963,            0.077418,            0.002109,           0.0091406,           0.0091406,           0.0091406
                  62,            0.072776,            0.082563,          2.8768e-05,              0.5813,             0.36135,             0.46414,             0.27757,             0.10936,             0.07711,           0.0021519,           0.0091127,           0.0091127,           0.0091127
                  63,            0.072378,             0.07949,          2.8349e-05,              0.5676,             0.32672,             0.43111,             0.25641,              0.1125,             0.07435,           0.0025355,           0.0090844,           0.0090844,           0.0090844
                  64,            0.071413,              0.0792,          3.3489e-05,             0.60897,             0.33695,              0.4637,             0.28091,             0.11161,            0.075058,            0.002315,           0.0090557,           0.0090557,           0.0090557
                  65,            0.072251,            0.074992,          2.8555e-05,             0.57657,             0.36768,             0.46586,             0.27842,             0.11091,            0.075315,            0.002123,           0.0090266,           0.0090266,           0.0090266
                  66,            0.071755,            0.079412,          2.9014e-05,             0.55801,             0.38623,             0.46835,             0.27884,             0.11009,            0.081148,           0.0022251,           0.0089972,           0.0089972,           0.0089972
                  67,            0.070914,            0.078213,          3.0694e-05,             0.55231,             0.38354,              0.4663,             0.27877,             0.10951,            0.080508,           0.0021075,           0.0089673,           0.0089673,           0.0089673
                  68,            0.069999,            0.077577,          2.7636e-05,             0.61186,             0.34385,             0.47429,               0.286,             0.11185,            0.076044,           0.0021653,           0.0089371,           0.0089371,           0.0089371
                  69,            0.072023,             0.07915,          2.8987e-05,             0.57475,              0.3374,             0.44665,             0.26735,             0.11093,            0.077767,           0.0024291,           0.0089065,           0.0089065,           0.0089065
                  70,            0.070944,            0.080242,          2.5877e-05,              0.5849,             0.37787,             0.47692,             0.28782,             0.11125,            0.077992,           0.0020968,           0.0088755,           0.0088755,           0.0088755
                  71,             0.07089,            0.082971,          2.6727e-05,             0.54159,             0.38555,             0.45172,              0.2678,             0.11177,            0.077498,           0.0019754,           0.0088442,           0.0088442,           0.0088442
                  72,            0.069982,            0.078215,          2.4264e-05,              0.5324,             0.39073,             0.45888,             0.27443,             0.11056,            0.080392,           0.0019331,           0.0088124,           0.0088124,           0.0088124
                  73,            0.072514,            0.081918,          2.5414e-05,             0.66242,             0.26887,             0.45865,             0.28551,             0.11031,            0.075601,           0.0021481,           0.0087804,           0.0087804,           0.0087804
                  74,            0.070896,            0.072818,          2.8926e-05,             0.60013,             0.35351,             0.47254,             0.28908,             0.10979,            0.080158,           0.0020857,           0.0087479,           0.0087479,           0.0087479
                  75,             0.06925,            0.073928,          2.4569e-05,             0.61473,             0.35642,             0.47877,             0.29341,             0.10901,            0.080213,           0.0020958,           0.0087151,           0.0087151,           0.0087151
                  76,            0.070147,            0.083646,          2.2363e-05,             0.62988,             0.33654,             0.47812,             0.29288,             0.11061,            0.074835,            0.002052,            0.008682,            0.008682,            0.008682
                  77,            0.071741,            0.075011,          2.5923e-05,              0.5817,             0.38292,             0.47849,             0.28632,             0.11081,             0.07858,           0.0020046,           0.0086485,           0.0086485,           0.0086485
                  78,            0.069871,            0.080548,          2.7476e-05,               0.566,              0.3828,             0.47135,             0.28491,             0.11075,            0.079052,           0.0020727,           0.0086146,           0.0086146,           0.0086146
                  79,            0.070862,            0.078085,          2.5012e-05,             0.60517,             0.34895,             0.46992,             0.28341,             0.11188,             0.07414,           0.0020647,           0.0085805,           0.0085805,           0.0085805
                  80,            0.070678,            0.079672,          2.5835e-05,             0.60287,             0.37841,             0.48784,             0.29473,             0.11179,            0.078761,           0.0022134,           0.0085459,           0.0085459,           0.0085459
                  81,            0.069879,            0.079946,          2.3309e-05,             0.63673,             0.33732,             0.48108,             0.29522,              0.1103,            0.076927,           0.0019888,           0.0085111,           0.0085111,           0.0085111
                  82,            0.069557,            0.076725,          2.2071e-05,             0.59274,             0.38194,             0.48674,             0.29313,             0.11145,            0.079024,           0.0020816,           0.0084759,           0.0084759,           0.0084759
                  83,            0.069195,             0.07586,          2.4629e-05,             0.61204,              0.3738,             0.48847,             0.29654,             0.11042,            0.080628,           0.0019813,           0.0084404,           0.0084404,           0.0084404
                  84,            0.070556,            0.079704,          2.2153e-05,             0.56561,             0.38892,             0.47148,             0.28232,              0.1119,            0.078837,           0.0021071,           0.0084046,           0.0084046,           0.0084046
                  85,            0.071194,            0.082063,          2.3253e-05,             0.61648,             0.37495,              0.4942,             0.29955,             0.11091,            0.078738,           0.0020086,           0.0083684,           0.0083684,           0.0083684
                  86,            0.069715,            0.074537,           2.448e-05,             0.58111,             0.39299,             0.48453,             0.29293,             0.11118,            0.078637,           0.0018374,           0.0083319,           0.0083319,           0.0083319
                  87,            0.069894,             0.07943,          2.3363e-05,             0.58116,             0.39422,             0.48305,             0.29263,             0.11026,            0.079918,           0.0018877,           0.0082952,           0.0082952,           0.0082952
                  88,            0.069776,            0.075975,          2.1821e-05,             0.59886,             0.35926,             0.47791,             0.29276,             0.11306,             0.07719,           0.0020712,           0.0082581,           0.0082581,           0.0082581
                  89,            0.069369,            0.072581,          2.3156e-05,             0.60814,              0.3609,             0.48309,             0.29506,             0.11205,            0.077287,            0.001975,           0.0082207,           0.0082207,           0.0082207
                  90,            0.070882,            0.077104,          2.2046e-05,             0.60922,             0.38136,             0.49603,             0.30363,             0.11115,            0.080763,           0.0021021,            0.008183,            0.008183,            0.008183
                  91,            0.069207,             0.07196,          2.1763e-05,             0.59702,              0.3895,             0.49157,             0.30002,             0.11152,            0.078683,           0.0020015,            0.008145,            0.008145,            0.008145
                  92,            0.070062,            0.075135,          2.3033e-05,             0.60295,             0.37742,             0.48698,              0.2967,             0.11242,            0.076566,            0.002037,           0.0081068,           0.0081068,           0.0081068
                  93,            0.069505,            0.073835,          2.0832e-05,             0.60052,             0.34977,             0.47419,             0.29012,             0.11198,            0.077777,           0.0019782,           0.0080682,           0.0080682,           0.0080682
                  94,            0.069176,            0.074221,          2.4121e-05,             0.58907,             0.39431,             0.49141,             0.29725,             0.11086,            0.079838,           0.0019025,           0.0080294,           0.0080294,           0.0080294
                  95,            0.069301,            0.075057,          2.1974e-05,             0.62029,             0.36292,             0.48854,             0.30029,             0.11153,            0.077893,           0.0019156,           0.0079903,           0.0079903,           0.0079903
                  96,            0.069688,            0.072733,          1.9721e-05,             0.59289,             0.39965,             0.49638,             0.30162,             0.11045,            0.079495,           0.0018867,           0.0079509,           0.0079509,           0.0079509
                  97,            0.069007,            0.076833,          2.0661e-05,             0.62244,             0.33867,             0.47794,              0.2928,               0.112,            0.075064,           0.0020428,           0.0079112,           0.0079112,           0.0079112
                  98,             0.06881,            0.071115,          1.9596e-05,             0.56005,             0.40979,              0.4842,             0.29088,             0.11199,            0.080621,           0.0019771,           0.0078713,           0.0078713,           0.0078713
                  99,            0.069645,            0.070239,          1.9273e-05,             0.60295,             0.39307,             0.49792,             0.30376,             0.11127,            0.079002,           0.0019013,           0.0078311,           0.0078311,           0.0078311
                 100,            0.069364,            0.078862,          1.9913e-05,             0.59675,             0.36061,             0.47286,              0.2875,             0.11186,             0.07595,            0.001891,           0.0077907,           0.0077907,           0.0077907
                 101,            0.070016,            0.077297,          2.1692e-05,             0.58998,             0.38617,             0.48903,             0.29806,             0.11141,            0.079044,           0.0018264,             0.00775,             0.00775,             0.00775
                 102,             0.06849,            0.076727,          1.8454e-05,             0.64035,              0.3616,             0.49903,              0.3085,             0.11215,            0.075634,           0.0020669,           0.0077091,           0.0077091,           0.0077091
                 103,            0.068105,             0.06707,          1.9218e-05,             0.59249,             0.38662,             0.48847,             0.29847,             0.11276,            0.075228,           0.0018595,           0.0076679,           0.0076679,           0.0076679
                 104,            0.069643,            0.074988,          2.0924e-05,             0.56548,             0.38847,             0.47621,             0.28795,             0.11163,            0.080244,           0.0019296,           0.0076265,           0.0076265,           0.0076265
                 105,            0.068013,            0.075646,          1.8413e-05,             0.57608,             0.40195,             0.48601,             0.29447,             0.11287,            0.077083,           0.0018642,           0.0075848,           0.0075848,           0.0075848
                 106,            0.067497,            0.070667,          1.8231e-05,             0.60667,             0.38518,             0.49426,             0.30341,             0.11129,            0.079352,           0.0018377,            0.007543,            0.007543,            0.007543
                 107,            0.067921,            0.071661,          2.0346e-05,             0.57238,             0.41103,             0.48893,             0.29603,              0.1117,            0.078787,           0.0019118,           0.0075009,           0.0075009,           0.0075009
                 108,            0.068562,            0.080885,          1.7509e-05,             0.61915,             0.38494,             0.50284,              0.3086,             0.11132,            0.077087,           0.0018067,           0.0074585,           0.0074585,           0.0074585
                 109,            0.068705,            0.073186,          1.6279e-05,             0.59604,             0.37586,             0.48693,             0.29973,             0.11029,            0.082911,           0.0018866,            0.007416,            0.007416,            0.007416
                 110,            0.068819,            0.071345,          1.8617e-05,              0.5783,             0.41341,             0.49787,             0.30361,             0.11152,            0.081589,           0.0019687,           0.0073733,           0.0073733,           0.0073733
                 111,            0.069427,            0.074908,          2.0187e-05,             0.62101,             0.37923,             0.49933,             0.30705,             0.11015,            0.081587,           0.0019319,           0.0073303,           0.0073303,           0.0073303
                 112,            0.067648,            0.070528,          1.6275e-05,             0.57224,             0.41855,             0.49672,             0.30286,             0.10941,            0.083585,           0.0017452,           0.0072872,           0.0072872,           0.0072872
                 113,            0.068976,            0.074132,           1.706e-05,             0.61592,             0.39061,             0.50063,             0.30554,             0.11108,            0.078734,           0.0018212,           0.0072438,           0.0072438,           0.0072438
                 114,            0.067811,             0.07378,          1.7155e-05,             0.59151,             0.39356,             0.49428,               0.303,             0.11209,             0.07892,           0.0018154,           0.0072003,           0.0072003,           0.0072003
                 115,            0.069583,            0.071806,          1.6669e-05,             0.60222,             0.39599,             0.50157,             0.30522,              0.1118,            0.078403,           0.0018906,           0.0071566,           0.0071566,           0.0071566
                 116,            0.067462,            0.078184,          1.7346e-05,             0.61195,             0.37405,             0.49195,             0.30176,             0.11003,            0.079067,           0.0016693,           0.0071127,           0.0071127,           0.0071127
                 117,            0.067664,            0.076158,          1.7218e-05,             0.59282,             0.40478,             0.49957,             0.30268,             0.11122,            0.080527,           0.0018288,           0.0070686,           0.0070686,           0.0070686
                 118,            0.068245,            0.074433,          1.8254e-05,             0.56483,             0.38962,             0.47371,             0.28548,             0.11045,            0.079935,           0.0019016,           0.0070243,           0.0070243,           0.0070243
                 119,            0.068007,            0.071231,          1.6953e-05,             0.59736,             0.40006,             0.49689,             0.30299,              0.1113,            0.077997,           0.0018174,           0.0069799,           0.0069799,           0.0069799
                 120,            0.066434,            0.072087,          1.6511e-05,             0.60868,             0.39291,             0.50127,             0.30774,             0.11188,             0.07776,           0.0017328,           0.0069353,           0.0069353,           0.0069353
                 121,            0.067755,            0.070188,          1.6444e-05,             0.59174,             0.41662,             0.50633,             0.30829,             0.11257,            0.078553,           0.0018478,           0.0068906,           0.0068906,           0.0068906
                 122,            0.068111,            0.071435,          1.6272e-05,             0.58793,             0.40684,             0.50014,             0.30572,             0.11183,            0.079119,           0.0016982,           0.0068457,           0.0068457,           0.0068457
                 123,            0.067888,            0.069049,          1.5214e-05,             0.59425,              0.4001,             0.50066,             0.30548,             0.11217,             0.07891,           0.0018177,           0.0068006,           0.0068006,           0.0068006
                 124,             0.06718,            0.070978,           1.668e-05,             0.57616,              0.3925,             0.48486,             0.29255,             0.11208,             0.07894,           0.0019077,           0.0067555,           0.0067555,           0.0067555
                 125,            0.067767,            0.072407,           1.733e-05,             0.59204,             0.40108,             0.50064,             0.30616,             0.11149,            0.080194,           0.0017734,           0.0067101,           0.0067101,           0.0067101
                 126,            0.066892,            0.073908,          1.5433e-05,             0.60249,             0.41311,             0.51133,             0.31163,             0.11175,             0.07973,           0.0018295,           0.0066647,           0.0066647,           0.0066647
                 127,            0.067053,            0.068163,          1.6753e-05,             0.60036,             0.39965,             0.50343,             0.30838,             0.11239,            0.077307,           0.0018515,           0.0066191,           0.0066191,           0.0066191
                 128,            0.066831,            0.071321,          1.6236e-05,             0.60074,             0.41678,             0.51252,             0.31434,             0.11208,            0.078304,           0.0017269,           0.0065734,           0.0065734,           0.0065734
                 129,            0.066354,            0.071226,          1.7495e-05,             0.59765,             0.40297,             0.50506,              0.3108,             0.11222,            0.078914,           0.0017321,           0.0065276,           0.0065276,           0.0065276
                 130,            0.067233,            0.069386,          1.5465e-05,             0.59785,             0.41444,             0.50798,             0.31059,             0.11063,             0.07948,           0.0017809,           0.0064816,           0.0064816,           0.0064816
                 131,             0.06772,            0.075526,          1.6538e-05,             0.62147,             0.38646,             0.50543,             0.31179,              0.1115,            0.077251,           0.0018157,           0.0064356,           0.0064356,           0.0064356
                 132,            0.066277,            0.071182,          1.5884e-05,             0.59497,             0.40901,             0.50322,             0.30691,             0.11083,            0.080605,            0.001708,           0.0063895,           0.0063895,           0.0063895
                 133,            0.067332,            0.070969,          1.6842e-05,             0.57944,             0.42015,             0.50376,             0.30832,             0.11182,              0.0809,           0.0017585,           0.0063432,           0.0063432,           0.0063432
                 134,            0.067156,            0.071405,           1.416e-05,             0.60063,             0.41678,             0.51395,             0.31536,             0.11196,            0.078883,           0.0018261,           0.0062969,           0.0062969,           0.0062969
                 135,            0.067562,            0.072469,          1.5522e-05,             0.58897,             0.40478,             0.49833,             0.30513,             0.11097,              0.0816,           0.0018398,           0.0062505,           0.0062505,           0.0062505
                 136,            0.067944,            0.071758,          1.5198e-05,             0.59471,             0.41797,             0.50985,             0.31046,             0.11236,            0.078762,            0.001758,            0.006204,            0.006204,            0.006204
                 137,            0.067566,            0.074587,          1.4535e-05,             0.59754,             0.39956,             0.50462,             0.30827,             0.11235,            0.078419,           0.0018535,           0.0061574,           0.0061574,           0.0061574
                 138,            0.067242,            0.072819,            1.51e-05,             0.60667,             0.39525,             0.50505,             0.31109,             0.11167,            0.080031,           0.0018841,           0.0061107,           0.0061107,           0.0061107
                 139,            0.067388,            0.069211,          1.6309e-05,             0.63042,              0.3994,             0.51807,             0.31963,             0.11091,            0.078811,            0.001656,            0.006064,            0.006064,            0.006064
                 140,            0.068307,            0.073671,          1.5635e-05,             0.59051,             0.41711,             0.50722,             0.30876,             0.11137,            0.079658,           0.0016965,           0.0060172,           0.0060172,           0.0060172
                 141,            0.066058,            0.064321,          1.5357e-05,             0.57338,             0.42056,             0.50039,             0.30437,             0.11118,             0.08121,           0.0017134,           0.0059704,           0.0059704,           0.0059704
                 142,            0.066619,            0.069065,          1.4225e-05,             0.61073,             0.40252,             0.50782,             0.31252,             0.11186,            0.079373,           0.0018468,           0.0059235,           0.0059235,           0.0059235
                 143,            0.065991,            0.071929,          1.5936e-05,             0.61004,              0.3888,             0.50257,             0.30999,             0.11192,            0.079009,           0.0018768,           0.0058766,           0.0058766,           0.0058766
                 144,            0.065763,            0.068028,          1.4863e-05,             0.60028,             0.40754,             0.50694,             0.31016,             0.11156,            0.079568,           0.0018011,           0.0058296,           0.0058296,           0.0058296
                 145,            0.067994,            0.072998,          1.5062e-05,             0.60231,             0.41511,             0.51019,             0.31247,             0.11155,            0.078091,           0.0016943,           0.0057826,           0.0057826,           0.0057826
                 146,            0.066678,            0.072906,          1.3911e-05,             0.59617,             0.41349,             0.50908,             0.31215,              0.1116,            0.079831,           0.0017946,           0.0057355,           0.0057355,           0.0057355
                 147,            0.065993,            0.066904,          1.3746e-05,             0.60867,             0.40996,              0.5146,             0.31624,             0.11183,            0.081284,           0.0018046,           0.0056884,           0.0056884,           0.0056884
                 148,            0.066963,            0.071329,          1.4261e-05,             0.58641,             0.41378,             0.50077,             0.30477,             0.11209,            0.080337,           0.0018749,           0.0056413,           0.0056413,           0.0056413
                 149,            0.064933,            0.075637,          1.4252e-05,              0.6174,             0.40224,             0.50962,             0.31217,              0.1119,            0.081474,           0.0018713,           0.0055942,           0.0055942,           0.0055942
                 150,            0.066298,             0.07397,          1.4377e-05,             0.59093,             0.40474,              0.4996,             0.30448,             0.11204,            0.079889,           0.0019173,           0.0055471,           0.0055471,           0.0055471
                 151,            0.066816,            0.070272,          1.4952e-05,             0.59913,             0.41548,             0.50907,             0.31121,             0.11216,            0.079281,           0.0017416,              0.0055,              0.0055,              0.0055
                 152,            0.065312,            0.067286,          1.3862e-05,             0.59741,             0.41123,             0.50464,             0.30857,             0.11138,            0.078595,           0.0017852,           0.0054529,           0.0054529,           0.0054529
                 153,            0.064689,            0.074335,          1.4039e-05,             0.60508,             0.41029,             0.50883,             0.31138,             0.11082,            0.080288,           0.0017192,           0.0054058,           0.0054058,           0.0054058
                 154,            0.065731,            0.078323,          1.4031e-05,             0.59261,             0.42015,             0.51027,             0.31253,             0.11188,            0.081138,           0.0018238,           0.0053587,           0.0053587,           0.0053587
                 155,            0.065864,            0.073726,          1.3141e-05,             0.58123,             0.41674,             0.50476,             0.30831,             0.11157,            0.081941,           0.0017261,           0.0053116,           0.0053116,           0.0053116
                 156,             0.06708,            0.071355,          1.5726e-05,             0.57785,             0.40754,             0.49489,             0.30276,             0.11299,            0.079935,           0.0016499,           0.0052645,           0.0052645,           0.0052645
                 157,            0.066429,            0.067256,          1.3805e-05,             0.59134,              0.4077,                 0.5,             0.30532,             0.11207,            0.078897,           0.0017136,           0.0052174,           0.0052174,           0.0052174
                 158,            0.065845,            0.072954,          1.2941e-05,             0.59434,             0.41649,              0.5088,             0.31295,             0.11156,            0.080526,           0.0017545,           0.0051704,           0.0051704,           0.0051704
                 159,            0.065877,            0.073386,          1.3676e-05,             0.59445,             0.41929,              0.5081,             0.31074,              0.1117,            0.080558,           0.0017925,           0.0051234,           0.0051234,           0.0051234
                 160,            0.065076,            0.068446,          1.2375e-05,              0.5879,             0.42935,             0.51178,             0.31301,             0.11251,            0.079612,           0.0016859,           0.0050765,           0.0050765,           0.0050765
                 161,            0.064589,            0.074366,          1.2674e-05,             0.60696,             0.41691,             0.51631,             0.31755,              0.1111,            0.082538,           0.0017775,           0.0050296,           0.0050296,           0.0050296
                 162,            0.066292,             0.07447,          1.2465e-05,             0.61259,             0.41279,             0.51568,             0.31564,             0.11178,            0.080806,           0.0017281,           0.0049828,           0.0049828,           0.0049828
                 163,            0.066045,            0.067536,          1.2458e-05,             0.61269,             0.41879,             0.51939,             0.31789,             0.11205,            0.078421,           0.0016436,            0.004936,            0.004936,            0.004936
                 164,            0.066267,            0.075795,          1.1948e-05,             0.59451,             0.42533,               0.513,             0.31395,             0.11162,            0.080748,           0.0017351,           0.0048893,           0.0048893,           0.0048893
                 165,            0.065772,            0.069632,          1.1756e-05,             0.60179,             0.42216,             0.51783,             0.31828,             0.11205,            0.079464,            0.001727,           0.0048426,           0.0048426,           0.0048426
                 166,            0.064723,            0.063677,          1.2998e-05,             0.58676,             0.42619,             0.51222,             0.31419,             0.11138,            0.081442,           0.0017025,            0.004796,            0.004796,            0.004796
                 167,            0.063552,            0.067769,          1.1428e-05,             0.60117,             0.40979,             0.50858,             0.31198,             0.11253,            0.080237,           0.0018193,           0.0047495,           0.0047495,           0.0047495
                 168,             0.06607,            0.073603,          1.3159e-05,              0.6212,               0.398,             0.51015,             0.31628,             0.11211,            0.080576,           0.0017438,           0.0047031,           0.0047031,           0.0047031
                 169,            0.066438,            0.066835,          1.2285e-05,             0.59609,             0.41431,             0.51076,              0.3144,             0.11268,            0.080613,           0.0017554,           0.0046568,           0.0046568,           0.0046568
                 170,             0.06479,            0.065063,          1.0892e-05,             0.60523,              0.4107,             0.51209,             0.31623,             0.11207,             0.08097,           0.0017598,           0.0046105,           0.0046105,           0.0046105
                 171,            0.065638,            0.071652,          1.2451e-05,             0.59528,             0.41866,             0.51047,             0.31299,             0.11314,             0.07734,           0.0016506,           0.0045644,           0.0045644,           0.0045644
                 172,             0.06383,            0.069085,           1.241e-05,              0.5986,             0.40782,             0.50738,             0.31205,             0.11227,            0.078716,           0.0016823,           0.0045184,           0.0045184,           0.0045184
                 173,            0.065441,            0.064982,          1.2805e-05,             0.58222,             0.42697,             0.50636,             0.30955,              0.1121,             0.08133,           0.0017784,           0.0044724,           0.0044724,           0.0044724
                 174,            0.064964,            0.069384,          1.0636e-05,              0.5975,             0.41994,             0.51296,             0.31497,             0.11241,            0.078577,           0.0016087,           0.0044266,           0.0044266,           0.0044266
                 175,            0.065094,            0.067172,          1.1066e-05,             0.58696,             0.42302,             0.50944,             0.31145,             0.11221,            0.079943,           0.0017151,           0.0043809,           0.0043809,           0.0043809
                 176,             0.06457,            0.065064,          1.1928e-05,             0.59463,               0.422,             0.51088,             0.31302,              0.1119,            0.082121,           0.0017212,           0.0043353,           0.0043353,           0.0043353
                 177,            0.065501,            0.073747,          1.0785e-05,             0.58926,             0.42598,             0.51274,             0.31417,             0.11197,            0.080418,           0.0017347,           0.0042899,           0.0042899,           0.0042899
                 178,            0.065669,            0.062522,          1.2543e-05,             0.58437,             0.42249,             0.50792,             0.31031,             0.11246,            0.078412,           0.0017151,           0.0042445,           0.0042445,           0.0042445
                 179,            0.064619,            0.070791,          1.2202e-05,             0.60218,             0.41855,             0.51354,              0.3149,             0.11214,            0.080476,           0.0017778,           0.0041994,           0.0041994,           0.0041994
                 180,            0.064798,             0.07023,          1.1706e-05,             0.59456,             0.41464,             0.50693,             0.31326,             0.11215,            0.079453,            0.001716,           0.0041543,           0.0041543,           0.0041543
                 181,            0.064053,            0.067154,          1.1241e-05,             0.58848,             0.42734,             0.51239,             0.31456,             0.11206,            0.080888,           0.0017366,           0.0041094,           0.0041094,           0.0041094
                 182,            0.064872,            0.062793,          1.1626e-05,              0.5854,              0.4236,             0.50969,             0.31276,             0.11251,            0.079593,           0.0017019,           0.0040647,           0.0040647,           0.0040647
                 183,            0.065222,            0.068281,          1.2501e-05,             0.59138,             0.41185,             0.50614,             0.31005,             0.11279,            0.079948,           0.0017142,           0.0040201,           0.0040201,           0.0040201
                 184,            0.064106,            0.068483,           1.222e-05,             0.58473,             0.42434,             0.50787,             0.31108,              0.1123,            0.080613,           0.0018276,           0.0039757,           0.0039757,           0.0039757
                 185,            0.064793,            0.067961,          1.1472e-05,             0.58887,             0.42947,             0.51339,             0.31426,             0.11268,            0.081326,           0.0017844,           0.0039314,           0.0039314,           0.0039314
                 186,            0.064551,            0.067268,          1.0278e-05,             0.59424,             0.42557,             0.51422,             0.31555,             0.11282,            0.080949,           0.0017537,           0.0038873,           0.0038873,           0.0038873
                 187,            0.064588,            0.067855,          1.0452e-05,             0.60026,             0.41781,              0.5109,             0.31372,              0.1125,            0.081511,           0.0017427,           0.0038434,           0.0038434,           0.0038434
                 188,            0.064677,            0.068018,          1.0963e-05,             0.59046,             0.42471,             0.51005,             0.31222,             0.11258,            0.081432,            0.001777,           0.0037997,           0.0037997,           0.0037997
                 189,            0.063796,            0.068935,          1.2379e-05,              0.5934,             0.41836,             0.50814,             0.31203,             0.11236,            0.079955,           0.0017439,           0.0037562,           0.0037562,           0.0037562
                 190,            0.064074,            0.066489,          1.1384e-05,             0.58649,             0.43273,             0.51426,             0.31555,             0.11247,            0.081331,           0.0017556,           0.0037128,           0.0037128,           0.0037128
                 191,            0.064856,            0.066089,           1.131e-05,             0.60752,             0.42298,             0.52048,             0.32126,             0.11272,            0.080768,           0.0017922,           0.0036697,           0.0036697,           0.0036697
                 192,            0.064474,            0.066978,          1.1339e-05,             0.58489,             0.42006,             0.50702,             0.31181,             0.11301,            0.079883,           0.0017189,           0.0036267,           0.0036267,           0.0036267
                 193,            0.063564,            0.064441,           1.128e-05,             0.59172,             0.41329,             0.50367,             0.31042,             0.11267,            0.080975,           0.0017566,            0.003584,            0.003584,            0.003584
                 194,            0.065334,            0.066143,          1.1803e-05,             0.59475,             0.41787,              0.5063,                0.31,             0.11315,            0.079732,           0.0017756,           0.0035415,           0.0035415,           0.0035415
                 195,            0.065125,            0.065963,          1.0917e-05,             0.57889,             0.42388,               0.506,             0.31107,             0.11282,            0.080992,           0.0017625,           0.0034991,           0.0034991,           0.0034991
                 196,            0.063901,            0.066073,          1.0897e-05,               0.587,             0.41222,             0.50534,             0.30963,              0.1126,            0.081076,            0.001735,            0.003457,            0.003457,            0.003457
                 197,            0.063858,            0.071136,          1.0599e-05,             0.59494,             0.41456,              0.5096,             0.31364,             0.11282,            0.081133,           0.0017769,           0.0034152,           0.0034152,           0.0034152
                 198,             0.06374,            0.070092,          9.6206e-06,             0.60276,               0.422,             0.51239,             0.31293,             0.11292,            0.080331,           0.0017392,           0.0033735,           0.0033735,           0.0033735
                 199,            0.063197,            0.071076,          1.0463e-05,              0.6003,             0.41888,             0.51366,             0.31689,             0.11248,            0.081513,           0.0017744,           0.0033321,           0.0033321,           0.0033321
                 200,            0.063031,            0.064625,          1.1091e-05,             0.58882,             0.42438,             0.51106,             0.31379,             0.11286,            0.080515,           0.0017864,           0.0032909,           0.0032909,           0.0032909
                 201,             0.06287,            0.065291,          1.1105e-05,             0.61429,             0.41378,             0.51048,             0.31286,             0.11338,             0.08077,           0.0018154,             0.00325,             0.00325,             0.00325
                 202,            0.064643,            0.066277,          1.2476e-05,             0.60268,             0.41071,             0.50846,             0.31287,             0.11299,            0.079806,           0.0017316,           0.0032093,           0.0032093,           0.0032093
                 203,            0.062669,            0.067981,          1.1204e-05,             0.59422,             0.41341,              0.5042,             0.30849,             0.11298,            0.080307,           0.0017248,           0.0031689,           0.0031689,           0.0031689
                 204,            0.063573,            0.064972,          1.0621e-05,             0.57481,             0.43074,             0.51076,             0.31294,             0.11337,            0.080851,           0.0017195,           0.0031287,           0.0031287,           0.0031287
                 205,            0.063165,            0.060781,          1.0392e-05,             0.60413,             0.42549,              0.5197,             0.32092,             0.11193,            0.082139,           0.0017917,           0.0030888,           0.0030888,           0.0030888
                 206,            0.063028,             0.06237,          1.0121e-05,              0.5799,             0.42278,             0.50505,             0.30968,             0.11279,            0.081628,           0.0018402,           0.0030491,           0.0030491,           0.0030491
                 207,            0.062575,            0.064046,          1.0867e-05,             0.58154,             0.42098,             0.50424,             0.30955,             0.11279,            0.082101,           0.0017099,           0.0030097,           0.0030097,           0.0030097
                 208,             0.06385,             0.06307,           1.231e-05,             0.59388,             0.41325,             0.50868,             0.31273,             0.11324,            0.079968,           0.0017204,           0.0029706,           0.0029706,           0.0029706
                 209,            0.064103,            0.064973,          1.1442e-05,             0.57243,              0.4192,             0.50116,              0.3072,             0.11266,            0.081213,             0.00175,           0.0029318,           0.0029318,           0.0029318
                 210,            0.064277,            0.067667,          9.7492e-06,             0.58735,             0.41994,             0.50803,             0.31258,             0.11264,            0.081067,           0.0017415,           0.0028932,           0.0028932,           0.0028932
                 211,            0.063246,            0.063017,          1.2349e-05,             0.58742,             0.41431,             0.50332,             0.30844,             0.11296,            0.080775,           0.0017261,            0.002855,            0.002855,            0.002855
                 212,            0.062532,            0.063518,          1.0414e-05,             0.58966,             0.42209,             0.50942,             0.31175,             0.11288,            0.081598,           0.0017496,            0.002817,            0.002817,            0.002817
                 213,            0.063552,            0.066834,          1.1251e-05,             0.59145,             0.41953,             0.50816,             0.31022,             0.11298,             0.08105,           0.0017382,           0.0027793,           0.0027793,           0.0027793
                 214,            0.061618,            0.064912,          9.3656e-06,             0.57942,             0.42237,             0.50656,             0.31047,             0.11312,            0.081288,           0.0017582,           0.0027419,           0.0027419,           0.0027419
                 215,            0.063385,            0.066313,          1.0186e-05,             0.59061,             0.41308,             0.50628,             0.31316,             0.11303,            0.080509,           0.0016645,           0.0027048,           0.0027048,           0.0027048
                 216,              0.0628,            0.066387,          1.0452e-05,             0.58134,             0.41719,             0.50129,             0.30794,             0.11339,            0.079756,           0.0017242,           0.0026681,           0.0026681,           0.0026681
                 217,            0.063731,            0.069484,          1.0221e-05,             0.59295,             0.42229,             0.51211,             0.31576,             0.11377,             0.07989,           0.0017323,           0.0026316,           0.0026316,           0.0026316
                 218,             0.06333,            0.070203,          1.0437e-05,             0.59645,             0.41998,             0.51204,             0.31437,             0.11374,            0.079223,           0.0017131,           0.0025954,           0.0025954,           0.0025954
                 219,            0.063209,            0.066103,          1.1216e-05,             0.59543,              0.4176,              0.5116,             0.31539,             0.11296,            0.081602,           0.0017925,           0.0025596,           0.0025596,           0.0025596
                 220,            0.061465,             0.06504,          1.0146e-05,             0.58915,             0.41596,             0.50473,             0.30999,             0.11348,            0.080086,           0.0017317,           0.0025241,           0.0025241,           0.0025241
                 221,            0.063773,             0.06488,          1.0053e-05,              0.5917,             0.42122,             0.51215,             0.31641,             0.11303,            0.082019,           0.0017697,           0.0024889,           0.0024889,           0.0024889
                 222,            0.062649,            0.068714,          1.0017e-05,             0.59091,             0.41686,             0.50951,              0.3127,             0.11348,            0.081366,           0.0017498,           0.0024541,           0.0024541,           0.0024541
                 223,            0.061501,            0.062009,          9.1963e-06,              0.5934,             0.41238,             0.50626,             0.31043,             0.11367,            0.081078,           0.0017924,           0.0024195,           0.0024195,           0.0024195
                 224,            0.062555,            0.061947,           1.021e-05,             0.59191,             0.41382,             0.50704,             0.31231,             0.11348,            0.080537,           0.0017557,           0.0023854,           0.0023854,           0.0023854
                 225,            0.062128,            0.066924,          9.2862e-06,             0.59425,             0.41983,             0.50818,              0.3117,             0.11281,            0.082483,           0.0017078,           0.0023515,           0.0023515,           0.0023515
                 226,             0.06233,            0.065619,          9.4073e-06,             0.58337,             0.41859,             0.50256,             0.30653,             0.11305,            0.081179,           0.0016912,            0.002318,            0.002318,            0.002318
                 227,            0.062808,            0.066909,          9.7965e-06,             0.58301,             0.41883,              0.5043,             0.30822,             0.11349,            0.080165,            0.001751,           0.0022849,           0.0022849,           0.0022849
                 228,            0.064479,            0.070752,          9.9857e-06,              0.5857,             0.41904,              0.5053,             0.31025,             0.11303,            0.080908,           0.0017249,           0.0022521,           0.0022521,           0.0022521
                 229,            0.064906,            0.065528,          1.0598e-05,             0.59399,             0.42356,             0.51102,             0.31397,             0.11327,            0.080778,           0.0016976,           0.0022196,           0.0022196,           0.0022196
                 230,            0.063029,            0.064053,          9.3943e-06,             0.59753,             0.42187,             0.51093,             0.31391,             0.11352,            0.080738,           0.0017527,           0.0021876,           0.0021876,           0.0021876
                 231,            0.062319,             0.06508,          8.9054e-06,             0.58793,              0.4199,             0.50853,             0.31238,             0.11276,            0.081261,           0.0017444,           0.0021558,           0.0021558,           0.0021558
                 232,            0.062311,            0.063963,          9.5013e-06,             0.59596,             0.41941,              0.5087,              0.3123,             0.11307,            0.081795,           0.0017737,           0.0021245,           0.0021245,           0.0021245
                 233,            0.063589,            0.065893,          1.0202e-05,             0.58082,             0.42003,             0.50575,              0.3108,             0.11301,            0.081719,           0.0017304,           0.0020935,           0.0020935,           0.0020935
                 234,            0.062734,            0.065246,          9.8158e-06,             0.57713,             0.41748,             0.50277,             0.30907,             0.11333,            0.082022,           0.0017393,           0.0020629,           0.0020629,           0.0020629
                 235,            0.061903,            0.064408,          9.5134e-06,             0.58189,             0.41381,             0.50179,             0.30923,              0.1134,            0.081762,           0.0017712,           0.0020327,           0.0020327,           0.0020327
                 236,            0.061937,            0.058888,          1.0171e-05,             0.59034,             0.41657,             0.50487,             0.30878,             0.11304,            0.082019,           0.0017008,           0.0020028,           0.0020028,           0.0020028
                 237,            0.064586,            0.067011,          1.0264e-05,             0.59331,              0.4161,             0.50596,             0.31035,             0.11346,             0.08154,           0.0017337,           0.0019734,           0.0019734,           0.0019734
                 238,            0.061667,             0.05854,          9.0158e-06,             0.57401,             0.41838,             0.49936,             0.30617,             0.11309,            0.082182,           0.0017648,           0.0019443,           0.0019443,           0.0019443
                 239,            0.062471,            0.060157,          9.0111e-06,             0.57496,             0.41678,             0.49991,             0.30591,             0.11343,            0.082204,           0.0018136,           0.0019156,           0.0019156,           0.0019156
                 240,            0.062796,            0.068762,           8.716e-06,             0.58057,             0.41875,             0.50048,             0.30722,             0.11321,            0.082613,           0.0017312,           0.0018873,           0.0018873,           0.0018873
                 241,            0.062244,            0.065013,          8.8689e-06,               0.572,             0.41813,             0.49922,             0.30697,             0.11332,            0.081713,           0.0017267,           0.0018594,           0.0018594,           0.0018594
                 242,            0.062192,            0.062146,          9.4408e-06,             0.58062,             0.41604,             0.50199,             0.30867,             0.11352,            0.081899,           0.0017509,           0.0018319,           0.0018319,           0.0018319
                 243,            0.062156,            0.059997,          9.8624e-06,             0.57797,             0.41477,              0.5007,             0.30717,             0.11344,            0.081963,           0.0017722,           0.0018048,           0.0018048,           0.0018048
                 244,            0.061832,             0.06596,          1.0244e-05,             0.58469,             0.41534,             0.50296,             0.30914,             0.11338,            0.082275,           0.0017965,           0.0017781,           0.0017781,           0.0017781
                 245,            0.063414,            0.063331,          9.5296e-06,             0.58721,             0.40922,              0.5039,             0.30985,             0.11295,            0.082692,           0.0017348,           0.0017519,           0.0017519,           0.0017519
                 246,             0.06265,            0.062324,          9.2706e-06,             0.57929,             0.41193,             0.49876,             0.30807,             0.11352,            0.080977,           0.0016837,            0.001726,            0.001726,            0.001726
                 247,            0.062857,            0.063791,          9.5094e-06,             0.57639,             0.41699,             0.49862,             0.30577,             0.11318,            0.082026,           0.0017482,           0.0017005,           0.0017005,           0.0017005
                 248,            0.060493,             0.06418,          8.7855e-06,             0.58238,             0.42491,             0.50829,             0.31217,             0.11307,            0.082503,           0.0017458,           0.0016755,           0.0016755,           0.0016755
                 249,            0.062553,            0.072524,          1.0657e-05,             0.58913,             0.41809,             0.50736,             0.31306,             0.11287,            0.081869,           0.0017244,           0.0016509,           0.0016509,           0.0016509
                 250,            0.060853,            0.065927,          8.3377e-06,             0.58968,             0.42442,             0.51051,             0.31359,             0.11332,            0.081886,           0.0017751,           0.0016267,           0.0016267,           0.0016267
                 251,            0.062029,            0.061102,          9.0107e-06,             0.58962,             0.41978,             0.50733,             0.31275,             0.11355,            0.080452,           0.0017231,           0.0016029,           0.0016029,           0.0016029
                 252,            0.061378,            0.063305,           8.483e-06,             0.58864,             0.41596,             0.50445,             0.31074,             0.11378,            0.081189,           0.0017536,           0.0015795,           0.0015795,           0.0015795
                 253,            0.061859,             0.06465,          9.0361e-06,             0.58505,              0.4176,             0.50528,             0.31048,             0.11351,            0.081304,           0.0017355,           0.0015566,           0.0015566,           0.0015566
                 254,            0.061432,            0.064777,          8.0195e-06,              0.5813,             0.41538,             0.50088,             0.30786,             0.11354,            0.081393,           0.0017225,           0.0015341,           0.0015341,           0.0015341
                 255,            0.062644,            0.065643,          9.6189e-06,             0.59514,             0.40967,             0.50048,             0.30771,              0.1133,            0.081989,           0.0017535,           0.0015121,           0.0015121,           0.0015121
                 256,            0.060939,            0.060771,          9.0786e-06,             0.57568,              0.4213,             0.50159,             0.30771,             0.11337,            0.081382,           0.0017483,           0.0014905,           0.0014905,           0.0014905
                 257,            0.060873,            0.064675,          9.0267e-06,              0.5866,             0.41571,               0.504,             0.31038,             0.11336,            0.081172,           0.0017379,           0.0014693,           0.0014693,           0.0014693
                 258,            0.062331,            0.061142,          9.0413e-06,             0.57719,             0.41375,             0.49765,             0.30588,             0.11302,            0.082481,           0.0017484,           0.0014486,           0.0014486,           0.0014486
                 259,            0.062046,            0.066181,          8.1069e-06,             0.58358,             0.41099,             0.50108,              0.3071,             0.11321,            0.082284,           0.0017223,           0.0014283,           0.0014283,           0.0014283
                 260,            0.060397,             0.06208,          8.2729e-06,             0.58436,             0.41205,             0.50125,             0.30954,             0.11324,             0.08159,           0.0017081,           0.0014084,           0.0014084,           0.0014084
                 261,            0.060999,            0.058679,          8.8077e-06,             0.58422,             0.41468,             0.49963,             0.30594,             0.11334,            0.082104,           0.0017253,            0.001389,            0.001389,            0.001389
                 262,            0.061502,            0.063846,           9.831e-06,             0.58123,             0.40914,             0.49828,             0.30709,             0.11331,            0.081614,           0.0017448,           0.0013701,           0.0013701,           0.0013701
                 263,            0.061202,            0.060354,          8.8682e-06,             0.59163,             0.40343,             0.49475,             0.30365,             0.11343,            0.082089,           0.0017817,           0.0013516,           0.0013516,           0.0013516
                 264,            0.060335,            0.063689,          7.9509e-06,             0.57817,             0.41464,             0.49849,             0.30589,             0.11384,            0.080873,           0.0017365,           0.0013336,           0.0013336,           0.0013336
                 265,            0.062993,            0.061764,          9.6951e-06,             0.58226,             0.40906,             0.49772,             0.30738,              0.1132,            0.081652,           0.0017235,            0.001316,            0.001316,            0.001316
                 266,            0.061056,            0.065415,          9.1146e-06,             0.59194,             0.40519,             0.49481,             0.30306,             0.11349,            0.081613,           0.0017579,           0.0012989,           0.0012989,           0.0012989
                 267,            0.061518,            0.060286,          8.9459e-06,             0.57099,             0.41625,             0.49422,             0.30255,             0.11372,             0.08096,           0.0017073,           0.0012822,           0.0012822,           0.0012822
                 268,            0.060986,               0.066,          8.5292e-06,             0.58719,             0.40647,             0.49657,             0.30544,             0.11323,            0.081323,           0.0017435,            0.001266,            0.001266,            0.001266
                 269,            0.059949,            0.060151,          9.2488e-06,             0.57993,             0.41107,             0.49528,             0.30342,             0.11344,            0.081355,           0.0017111,           0.0012503,           0.0012503,           0.0012503
                 270,            0.062006,            0.063838,          8.3749e-06,              0.5787,              0.4068,             0.49547,             0.30466,             0.11378,            0.080894,           0.0017133,            0.001235,            0.001235,            0.001235
                 271,             0.06077,            0.062392,           9.132e-06,             0.58307,              0.4063,              0.4958,             0.30507,             0.11356,            0.081403,            0.001732,           0.0012202,           0.0012202,           0.0012202
                 272,            0.060919,            0.065576,          8.2688e-06,             0.57705,             0.40938,             0.49388,             0.30243,             0.11346,            0.081877,           0.0017334,           0.0012059,           0.0012059,           0.0012059
                 273,            0.059618,            0.063037,          8.8245e-06,             0.58667,             0.39948,             0.49486,             0.30394,             0.11337,            0.081155,            0.001743,           0.0011921,           0.0011921,           0.0011921
                 274,            0.061498,            0.062719,          8.9128e-06,             0.58139,             0.40548,             0.49511,             0.30377,              0.1136,            0.082285,           0.0017819,           0.0011787,           0.0011787,           0.0011787
                 275,            0.061134,            0.064263,          8.6995e-06,             0.57765,             0.40532,             0.49259,             0.30271,              0.1138,            0.080942,           0.0017252,           0.0011658,           0.0011658,           0.0011658
                 276,            0.061592,            0.058486,          8.7473e-06,             0.58302,             0.41193,             0.49905,              0.3054,             0.11332,            0.081842,           0.0017324,           0.0011533,           0.0011533,           0.0011533
                 277,             0.06043,            0.062073,          8.1013e-06,             0.58806,             0.41041,             0.49944,             0.30663,             0.11362,            0.081621,           0.0017579,           0.0011414,           0.0011414,           0.0011414
                 278,            0.061211,            0.061633,          8.2004e-06,             0.57569,             0.41115,             0.49489,              0.3029,             0.11382,            0.080695,           0.0017193,           0.0011299,           0.0011299,           0.0011299
                 279,            0.060824,            0.060589,          8.4471e-06,             0.57504,             0.41007,             0.49369,             0.30292,             0.11369,             0.08121,            0.001729,           0.0011189,           0.0011189,           0.0011189
                 280,            0.060662,            0.061299,          8.6575e-06,             0.57449,             0.41353,             0.49668,             0.30409,              0.1137,            0.081313,           0.0017293,           0.0011084,           0.0011084,           0.0011084
                 281,             0.06066,            0.064467,          8.3639e-06,             0.58107,             0.40763,             0.49489,             0.30406,             0.11365,            0.081353,           0.0017144,           0.0010983,           0.0010983,           0.0010983
                 282,            0.060929,            0.062515,          7.9061e-06,             0.57862,             0.40712,             0.49256,             0.30049,             0.11357,            0.081329,           0.0016899,           0.0010888,           0.0010888,           0.0010888
                 283,            0.059179,            0.063388,          7.9682e-06,             0.58079,             0.40728,             0.49465,             0.30351,             0.11378,            0.080831,           0.0017376,           0.0010797,           0.0010797,           0.0010797
                 284,            0.061791,            0.068699,          8.5361e-06,             0.58745,             0.40339,             0.49355,             0.30275,             0.11378,            0.081268,           0.0017187,           0.0010711,           0.0010711,           0.0010711
                 285,            0.060207,             0.05978,          7.8662e-06,             0.56878,             0.41251,             0.49292,             0.30228,             0.11361,            0.081371,           0.0017434,            0.001063,            0.001063,            0.001063
                 286,             0.06009,            0.055827,           8.502e-06,             0.58237,             0.40873,             0.49369,             0.30341,             0.11351,            0.081809,           0.0017427,           0.0010554,           0.0010554,           0.0010554
                 287,            0.060335,            0.062971,          8.9052e-06,             0.58708,             0.40593,             0.49555,             0.30543,             0.11367,            0.081337,            0.001743,           0.0010483,           0.0010483,           0.0010483
                 288,            0.061551,            0.065458,          7.7098e-06,             0.57393,             0.41082,             0.49339,             0.30296,             0.11361,            0.081266,           0.0017211,           0.0010416,           0.0010416,           0.0010416
                 289,            0.059905,            0.063461,          8.8107e-06,             0.58439,              0.4068,              0.4956,             0.30391,             0.11378,            0.080734,           0.0017244,           0.0010355,           0.0010355,           0.0010355
                 290,            0.059994,            0.058282,          8.0999e-06,             0.59043,             0.40417,             0.49584,              0.3041,             0.11377,            0.081015,           0.0017226,           0.0010298,           0.0010298,           0.0010298
                 291,            0.060227,            0.060297,           7.916e-06,             0.57331,             0.41525,             0.49651,             0.30411,             0.11355,            0.081893,           0.0017634,           0.0010247,           0.0010247,           0.0010247
